id;session_id;session_time;session_start;session_value;ip_address;user_agent
1;implementation;2022-08-14T01:30:36;2022-08-14T08:09:39;incubate;CSS parsing Dela;application HDD
2;Hat Functionality;2022-08-13T13:20:46;2022-08-14T05:27:29;synergistic International Buckinghamshire;Soft;Dominican web-enabled payment
3;Security Frozen;2022-08-13T19:55:17;2022-08-13T14:17:40;deliver;Customizable;Implementation back Account
4;generate card adapter;2022-08-14T00:40:00;2022-08-13T22:03:57;British Keyboard;copying deposit;Human generate fuchsia
5;quantify Chief;2022-08-13T09:52:16;2022-08-13T23:12:11;withdrawal Assurance Mouse;navigate Car GB;Somoni transmit
6;Toys exploit models;2022-08-14T02:04:34;2022-08-14T01:43:24;ivory Fresh;Officer Cambridg;Markets
7;bandwidth Account;2022-08-13T14:21:32;2022-08-13T13:26:20;Dynamic;deliverables;program
8;withdrawal Handcrafted Canada;2022-08-13T12:00:14;2022-08-13T14:53:41;online;knowledge JBOD;CSS payment
9;Uzbekistan Senior;2022-08-13T20:17:33;2022-08-13T17:17:50;Paradigm Music card;Borders Small;pricing synthesize index
10;reboot 1080p Concrete;2022-08-13T09:16:24;2022-08-14T05:10:05;Small Right-sized analyzer;facilitate;Down-sized Intelligent drive
