id;day;month;year;send_condition
1;task-force Communications Conf;Customer;Fish Plastic Cloned;cyan generate
2;Carolina Metrics;bricks-and-clicks utilize;portals withdrawal;Rapids Michigan Unbranded
3;experiences;Designer Roads EXE;Bacon methodology;Dynamic fuchsia
4;IB;green Exclusive;Strategist up envisioneer;Intranet Steel
5;red;Turnpike invoice deposit;HTTP panel;magenta withdrawal deliver
6;interface haptic;instruction COM;action-items deposit;Agent
7;Orchestrator Branding;Metical;scalable New;e-services
8;Buckinghamshire enterprise Sen;Gorgeous;open-source;navigating Loan
9;partnerships blue;matrix;Intelligent Pennsylvania;structure e-business
10;Plastic indigo incubate;Chief Rubber HTTP;e-business interface;invoice panel
