id;method;argument;jhi_order;p_id
1;West Incredible;optimizing;67298;72343
2;Principal Kids world-class;District;10612;49172
3;Louisiana Pizza;Hampshire;13771;59070
4;Gold Games Implementation;Beauty AI;37638;7668
5;Integration pixel synergistic;neural;68919;88454
6;Administrator stable Licensed;empower e-markets calculate;58450;91563
7;Technician capacitor;Cheese Intranet;16271;39321
8;Chicken;Fantastic transmitting;51295;54091
9;interface parsing;override bluetooth Loan;42299;64280
10;ADP neural Groves;website;65330;71592
