id;request;request_content_type;date
1;../fake-data/blob/hipster.png;image/png;2022-08-13T15:19:14
2;../fake-data/blob/hipster.png;image/png;2022-08-13T20:06:28
3;../fake-data/blob/hipster.png;image/png;2022-08-14T06:49:14
4;../fake-data/blob/hipster.png;image/png;2022-08-14T01:04:52
5;../fake-data/blob/hipster.png;image/png;2022-08-13T11:35:19
6;../fake-data/blob/hipster.png;image/png;2022-08-14T03:19:43
7;../fake-data/blob/hipster.png;image/png;2022-08-13T14:13:02
8;../fake-data/blob/hipster.png;image/png;2022-08-14T04:37:29
9;../fake-data/blob/hipster.png;image/png;2022-08-13T10:46:46
10;../fake-data/blob/hipster.png;image/png;2022-08-13T19:06:24
