id;f_id;ext;dir;url;old_name;field_name
1;67604;Soft;Soft synergistic;http://jaeden.name;cross-media;synergies bluetooth
2;60111;inte;Bedfordshire Handcrafted salmon;http://cary.com;indigo Cedi;Avon
3;58600;Engi;sensor generation Nebraska;https://grant.com;Ergonomic Rustic override;Dalasi
4;46962;Mult;payment Fresh Coordinator;http://reginald.org;Summit fuchsia Buckinghamshire;Villages Hawaii Lao
5;72771;rebo;XML Bridge;https://ayden.info;Polarised;Associate Unbranded fuchsia
6;68980;mint;Surinam;http://aracely.net;infrastructures metrics Intelligent;Loan overriding
7;10494;inte;tertiary;https://genevieve.net;Kansas Customizable deposit;EXE
8;81476;blee;Functionality;https://janie.biz;deposit transmit Licensed;Loan
9;93651;Mary;Tools card compress;https://hassan.net;face implement EXE;Towels Wooden Tuna
10;48049;Fres;Managed;https://orlando.name;up;blockchains haptic
