id;url;title_en;title_es;content_en;content_en_content_type;content_es;content_es_content_type;title_ru;title_zh;content_ru;content_ru_content_type;content_zh;content_zh_content_type
1;https://wilbert.net;Colorado Cambridgeshire Rubber;invoice Seychelles;../fake-data/blob/hipster.png;image/png;../fake-data/blob/hipster.png;image/png;programming fresh-thinking;TCP application value-added;../fake-data/blob/hipster.png;image/png;../fake-data/blob/hipster.png;image/png
2;http://jamison.biz;compress;infrastructures;../fake-data/blob/hipster.png;image/png;../fake-data/blob/hipster.png;image/png;executive array green;deposit Factors azure;../fake-data/blob/hipster.png;image/png;../fake-data/blob/hipster.png;image/png
3;https://finn.info;XML;card Handcrafted;../fake-data/blob/hipster.png;image/png;../fake-data/blob/hipster.png;image/png;Chicken matrices reboot;Island Unbranded;../fake-data/blob/hipster.png;image/png;../fake-data/blob/hipster.png;image/png
4;https://miles.info;Pants;website;../fake-data/blob/hipster.png;image/png;../fake-data/blob/hipster.png;image/png;Wooden invoice primary;scalable Granite;../fake-data/blob/hipster.png;image/png;../fake-data/blob/hipster.png;image/png
5;https://trisha.org;Fresh;intermediate Tools orange;../fake-data/blob/hipster.png;image/png;../fake-data/blob/hipster.png;image/png;wireless USB Cambridgeshire;Cotton utilize Dong;../fake-data/blob/hipster.png;image/png;../fake-data/blob/hipster.png;image/png
6;http://quinn.biz;Ergonomic withdrawal;Synergized;../fake-data/blob/hipster.png;image/png;../fake-data/blob/hipster.png;image/png;Nebraska viral Well;maximize;../fake-data/blob/hipster.png;image/png;../fake-data/blob/hipster.png;image/png
7;http://malvina.org;Botswana cyan Soap;Home bandwidth back;../fake-data/blob/hipster.png;image/png;../fake-data/blob/hipster.png;image/png;Credit;Soap;../fake-data/blob/hipster.png;image/png;../fake-data/blob/hipster.png;image/png
8;http://lorena.biz;Keyboard Games;system-worthy Open-source;../fake-data/blob/hipster.png;image/png;../fake-data/blob/hipster.png;image/png;Stravenue Market Virginia;CSS Refined architectures;../fake-data/blob/hipster.png;image/png;../fake-data/blob/hipster.png;image/png
9;https://tod.biz;PNG back-end Assurance;Fresh Functionality platforms;../fake-data/blob/hipster.png;image/png;../fake-data/blob/hipster.png;image/png;Pants Checking;local Turkmenistan;../fake-data/blob/hipster.png;image/png;../fake-data/blob/hipster.png;image/png
10;http://dejah.org;Principal Plastic black;Facilitator;../fake-data/blob/hipster.png;image/png;../fake-data/blob/hipster.png;image/png;Licensed Dynamic;interfaces sensor Fantastic;../fake-data/blob/hipster.png;image/png;../fake-data/blob/hipster.png;image/png
