id;order_number;note;create_date_time_utc;customer_reference
1;portal reboot;holistic Peso Handcrafted;2022-07-08T04:26:51;77186
2;Berkshire Buckinghamshire;Auto Salad open-source;2022-07-08T05:42:10;47168
3;integrate e-commerce;Rial Slovenia Cotton;2022-07-08T23:05:47;14754
4;Virginia Finland;Jewelery;2022-07-08T23:33:36;38593
5;olive Response Auto;Grove client-server;2022-07-08T19:23:50;45390
6;transitional;Brand;2022-07-08T10:12:10;36493
7;Legacy Hryvnia Health;Table Plains;2022-07-08T08:53:29;78745
8;connecting Pizza interfaces;Web even-keeled;2022-07-08T15:20:27;27235
9;Lats quantifying;bypassing Table Specialist;2022-07-08T03:22:04;33363
10;initiatives Personal hacking;Bacon Tasty Computer;2022-07-08T18:08:43;98677
